Loan_ID,Customer_ID,Gender,Age,Income,Credit_Score,Loan_Amount,Loan_Term_Months,Loan_Type,Interest_Rate,Region,Approval_Status,Default_Status
LN1000,CUST5000,Male,41,38030,338,78625,72,Personal,6.78,Central,Rejected,N/A
LN1001,CUST5001,Female,52,102838,430,786400,36,Education,11.55,South,Rejected,N/A
LN1002,CUST5002,Male,43,104717,797,1384809,48,Education,7.02,West,Approved,Paid
LN1003,CUST5003,Male,53,58638,528,1135063,12,Auto,9.11,North,Approved,Default
LN1004,CUST5004,Male,23,87067,407,1557630,48,Home,10.57,East,Rejected,N/A
LN1005,CUST5005,Female,38,138033,471,1326647,48,Auto,13.87,North,Approved,Default
LN1006,CUST5006,Male,45,125977,734,1995456,12,Personal,10.44,East,Approved,Paid
LN1007,CUST5007,Male,62,108869,777,538011,60,Education,12.32,West,Approved,Paid
LN1008,CUST5008,Male,51,125186,401,1410858,48,Education,14.94,South,Approved,Paid
LN1009,CUST5009,Female,23,54674,823,1272471,48,Auto,7.18,Central,Approved,Default
LN1010,CUST5010,Male,60,186926,574,480424,60,Education,8.47,West,Approved,Paid
LN1011,CUST5011,Male,44,66271,343,366205,48,Personal,9.55,North,Approved,Default
LN1012,CUST5012,Male,52,93688,316,998163,48,Education,9.8,Central,Approved,Paid
LN1013,CUST5013,Male,42,189590,629,1097328,48,Auto,9.7,South,Approved,Paid
LN1014,CUST5014,Female,43,131076,796,151376,72,Personal,14.17,West,Approved,Paid
LN1015,CUST5015,Male,22,161339,311,1523682,24,Auto,12.43,Central,Approved,Default
LN1016,CUST5016,Female,47,21062,617,1964142,60,Education,11.47,West,Rejected,N/A
LN1017,CUST5017,Female,62,70448,515,883487,48,Auto,8.78,West,Approved,Paid
LN1018,CUST5018,Female,22,115462,638,817629,72,Auto,13.41,South,Approved,Paid
LN1019,CUST5019,Male,46,157301,380,1380228,60,Home,14.6,East,Approved,Default
LN1020,CUST5020,Female,37,67915,784,1570708,36,Education,13.39,Central,Approved,Paid
LN1021,CUST5021,Male,60,24632,673,208056,36,Education,6.01,South,Approved,Paid
LN1022,CUST5022,Female,53,124592,499,684457,48,Auto,11.73,West,Approved,Paid
LN1023,CUST5023,Female,29,154668,836,1893133,72,Home,6.46,South,Approved,Paid
LN1024,CUST5024,Female,63,129779,765,610347,72,Education,8.32,East,Approved,Paid
LN1025,CUST5025,Female,59,157240,388,512785,60,Personal,6.54,Central,Approved,Default
LN1026,CUST5026,Female,49,128099,567,1726273,60,Auto,11.43,East,Approved,Paid
LN1027,CUST5027,Female,62,27561,788,1598229,72,Education,12.18,North,Approved,Default
LN1028,CUST5028,Female,46,102152,837,1082766,60,Personal,7.03,Central,Approved,Paid
LN1029,CUST5029,Female,55,145036,346,579992,72,Education,9.45,East,Approved,Paid
LN1030,CUST5030,Male,45,144049,587,1028080,24,Personal,10.11,West,Approved,Paid
LN1031,CUST5031,Male,44,46734,315,778744,72,Auto,9.32,Central,Rejected,N/A
LN1032,CUST5032,Female,33,157443,700,792488,36,Education,7.09,Central,Approved,Paid
LN1033,CUST5033,Female,27,46069,385,685567,60,Education,9.77,South,Rejected,N/A
LN1034,CUST5034,Female,56,32910,549,732568,72,Home,12.76,West,Approved,Default
LN1035,CUST5035,Male,40,93479,690,692804,72,Auto,6.64,North,Approved,Paid
LN1036,CUST5036,Female,21,101264,634,572828,60,Personal,6.72,East,Approved,Default
LN1037,CUST5037,Male,28,43275,818,528366,24,Education,9.19,South,Approved,Paid
LN1038,CUST5038,Male,36,92274,436,771384,24,Education,14.48,East,Rejected,N/A
LN1039,CUST5039,Male,34,120776,797,1007386,60,Personal,12.02,North,Approved,Paid
LN1040,CUST5040,Male,32,68447,776,469139,12,Auto,12.11,North,Approved,Paid
LN1041,CUST5041,Male,43,185601,522,569777,60,Home,9.26,Central,Approved,Paid
LN1042,CUST5042,Female,35,146394,671,1474764,60,Home,11.34,North,Approved,Paid
LN1043,CUST5043,Female,48,95703,701,282549,24,Education,6.09,East,Approved,Paid
LN1044,CUST5044,Female,54,96090,742,1652029,24,Personal,11.72,West,Approved,Default
LN1045,CUST5045,Female,22,37260,789,1690067,60,Education,14.22,West,Approved,Default
LN1046,CUST5046,Female,52,132581,572,534965,60,Personal,11.51,Central,Approved,Default
LN1047,CUST5047,Male,43,23812,825,840546,60,Home,13.86,East,Approved,Default
LN1048,CUST5048,Female,42,179096,458,1032469,24,Auto,12.52,East,Approved,Default
LN1049,CUST5049,Female,45,136148,451,86321,60,Personal,7.09,North,Approved,Paid
LN1050,CUST5050,Male,42,178357,487,385441,60,Home,14.12,East,Approved,Default
LN1051,CUST5051,Female,42,136421,397,1981660,48,Education,6.6,South,Approved,Paid
LN1052,CUST5052,Male,62,21605,430,1984312,12,Personal,10.81,North,Rejected,N/A
LN1053,CUST5053,Female,26,92303,470,1343590,36,Auto,7.28,South,Approved,Default
LN1054,CUST5054,Male,35,178211,482,206498,12,Education,6.11,Central,Approved,Paid
LN1055,CUST5055,Female,63,96125,663,1116348,48,Education,9.8,West,Approved,Default
LN1056,CUST5056,Female,57,164990,338,1988762,36,Home,8.66,Central,Approved,Default
LN1057,CUST5057,Male,53,178518,826,840144,60,Personal,10.37,West,Approved,Paid
LN1058,CUST5058,Male,28,144040,796,444583,48,Education,11.19,Central,Approved,Paid
LN1059,CUST5059,Male,64,164118,815,288389,60,Auto,6.39,East,Approved,Paid
LN1060,CUST5060,Male,64,175890,648,689430,24,Personal,7.11,South,Approved,Paid
LN1061,CUST5061,Male,25,24324,696,1714600,72,Auto,11.03,West,Rejected,N/A
LN1062,CUST5062,Male,59,96323,460,1150500,48,Education,9.09,North,Approved,Paid
LN1063,CUST5063,Male,24,29111,315,1626590,24,Auto,12.56,South,Rejected,N/A
LN1064,CUST5064,Male,26,189182,792,1449872,48,Home,11.87,North,Approved,Paid
LN1065,CUST5065,Female,52,36389,725,1126299,48,Auto,13.61,South,Approved,Default
LN1066,CUST5066,Female,50,142177,407,808470,24,Personal,12.23,South,Approved,Default
LN1067,CUST5067,Male,55,61427,749,1985502,36,Auto,9.87,Central,Approved,Default
LN1068,CUST5068,Female,60,179818,610,714468,12,Auto,12.06,West,Approved,Paid
LN1069,CUST5069,Female,36,142883,469,258786,60,Home,8.48,West,Approved,Paid
LN1070,CUST5070,Female,33,151189,845,1658507,48,Auto,8.76,South,Approved,Paid
LN1071,CUST5071,Female,62,145808,713,736684,60,Auto,13.1,East,Approved,Paid
LN1072,CUST5072,Male,50,132221,550,1988904,72,Education,10.02,East,Approved,Paid
LN1073,CUST5073,Female,39,33234,440,1313008,24,Education,13.19,North,Approved,Default
LN1074,CUST5074,Male,37,73441,573,1078400,60,Personal,13.4,North,Approved,Paid
LN1075,CUST5075,Female,39,20846,715,1238575,24,Education,13.72,Central,Approved,Default
LN1076,CUST5076,Female,48,30954,338,930112,60,Education,14.25,South,Approved,Default
LN1077,CUST5077,Female,46,99239,328,408690,12,Education,9.88,North,Rejected,N/A
LN1078,CUST5078,Male,57,66514,776,989947,12,Education,8.87,North,Approved,Default
LN1079,CUST5079,Female,46,108236,617,129973,12,Home,11.24,South,Approved,Paid
LN1080,CUST5080,Male,43,117579,544,1948457,12,Education,9.34,Central,Approved,Default
LN1081,CUST5081,Female,29,157541,571,684122,12,Home,11.41,North,Approved,Paid
LN1082,CUST5082,Male,32,181177,739,1859250,12,Home,12.35,Central,Approved,Paid
LN1083,CUST5083,Female,21,62101,538,1098173,24,Education,12.2,West,Approved,Paid
LN1084,CUST5084,Male,21,84323,676,1552025,48,Auto,9.37,Central,Approved,Default
LN1085,CUST5085,Male,54,111922,565,337681,60,Home,7.5,East,Approved,Paid
LN1086,CUST5086,Female,52,196659,658,544509,12,Auto,9.87,East,Approved,Paid
LN1087,CUST5087,Male,45,188048,639,1962584,24,Auto,7.28,Central,Approved,Default
LN1088,CUST5088,Female,60,147534,688,1730386,24,Education,14.01,East,Approved,Paid
LN1089,CUST5089,Female,21,87584,302,1645476,24,Personal,9.11,West,Rejected,N/A
LN1090,CUST5090,Female,36,124537,728,275049,48,Education,7.39,South,Approved,Paid
LN1091,CUST5091,Female,59,98477,441,1367191,60,Personal,6.23,East,Approved,Default
LN1092,CUST5092,Female,25,62533,675,216703,48,Personal,11.81,East,Approved,Paid
LN1093,CUST5093,Female,42,21828,623,814357,36,Education,11.73,Central,Approved,Default
LN1094,CUST5094,Female,49,21917,445,797419,24,Education,9.07,West,Approved,Default
LN1095,CUST5095,Female,23,40618,592,1129924,36,Personal,6.65,South,Rejected,N/A
LN1096,CUST5096,Female,32,52254,731,1294380,72,Education,9.69,Central,Approved,Default
LN1097,CUST5097,Female,46,125292,698,1886185,12,Personal,8.8,Central,Approved,Paid
LN1098,CUST5098,Female,36,67362,643,185832,12,Auto,12.09,West,Approved,Paid
LN1099,CUST5099,Male,57,40128,439,1393499,48,Education,11.45,South,Approved,Default
LN1100,CUST5100,Male,42,143781,486,333780,60,Auto,9.28,West,Approved,Paid
LN1101,CUST5101,Female,49,85545,360,1704753,36,Home,7.96,South,Rejected,N/A
LN1102,CUST5102,Female,34,102180,679,1152127,60,Auto,14.89,West,Approved,Paid
LN1103,CUST5103,Female,48,107958,739,454772,48,Auto,10.09,Central,Approved,Paid
LN1104,CUST5104,Female,25,160937,618,1765499,12,Personal,12.19,Central,Approved,Paid
LN1105,CUST5105,Female,50,153291,601,621107,60,Auto,7.26,North,Approved,Paid
LN1106,CUST5106,Female,25,59809,643,1434490,60,Education,10.37,East,Approved,Paid
LN1107,CUST5107,Female,32,136748,310,1058559,12,Personal,6.25,West,Rejected,N/A
LN1108,CUST5108,Female,36,25287,361,470182,36,Home,10.55,North,Approved,Default
LN1109,CUST5109,Male,46,185459,525,1311357,12,Education,14.68,East,Approved,Default
LN1110,CUST5110,Female,46,28512,452,1551681,60,Home,9.46,West,Approved,Default
LN1111,CUST5111,Male,41,152414,609,732347,36,Auto,6.35,South,Approved,Paid
LN1112,CUST5112,Female,59,128872,542,1963722,36,Education,6.28,East,Approved,Paid
LN1113,CUST5113,Female,56,170288,792,1072378,12,Education,9.49,Central,Approved,Default
LN1114,CUST5114,Male,53,113070,665,763708,60,Home,7.44,North,Approved,Paid
LN1115,CUST5115,Female,50,99767,629,598884,48,Education,6.21,East,Approved,Paid
LN1116,CUST5116,Male,57,117829,406,900538,60,Education,12.81,East,Approved,Default
LN1117,CUST5117,Female,43,177686,525,1075014,24,Education,10.13,Central,Approved,Paid
LN1118,CUST5118,Female,30,187330,517,1037471,72,Auto,8.6,West,Approved,Default
LN1119,CUST5119,Male,25,62078,805,109182,48,Home,14.1,South,Approved,Paid
LN1120,CUST5120,Female,56,126288,558,399307,36,Education,7.05,Central,Approved,Paid
LN1121,CUST5121,Male,54,103524,816,351454,48,Personal,14.6,South,Approved,Paid
LN1122,CUST5122,Female,51,32219,353,1416808,36,Personal,8.83,West,Rejected,N/A
LN1123,CUST5123,Male,30,20235,346,1751667,36,Personal,14,East,Rejected,N/A
LN1124,CUST5124,Male,39,62929,820,1238554,48,Personal,11.43,South,Approved,Default
LN1125,CUST5125,Female,52,147309,398,873346,36,Auto,13.44,North,Approved,Paid
LN1126,CUST5126,Female,21,87444,319,946782,36,Education,14.86,North,Approved,Default
LN1127,CUST5127,Male,25,159639,789,1668243,24,Home,8.6,Central,Approved,Default
LN1128,CUST5128,Female,24,121834,718,1570404,60,Education,14.65,West,Approved,Default
LN1129,CUST5129,Female,36,104555,361,820188,60,Auto,9.51,Central,Approved,Paid
LN1130,CUST5130,Female,44,93698,444,308517,72,Personal,9.47,Central,Approved,Default
LN1131,CUST5131,Male,36,144450,515,1005154,72,Auto,9.06,Central,Approved,Paid
LN1132,CUST5132,Male,22,156487,302,1538673,24,Education,10.87,North,Approved,Paid
LN1133,CUST5133,Male,48,187231,459,1407133,72,Home,7.39,North,Approved,Paid
LN1134,CUST5134,Male,52,63925,419,187084,48,Auto,10.98,Central,Approved,Default
LN1135,CUST5135,Male,47,157023,388,755475,12,Home,10.88,North,Approved,Paid
LN1136,CUST5136,Male,40,107388,628,1892159,12,Auto,12.86,West,Approved,Default
LN1137,CUST5137,Male,44,28007,656,632004,12,Home,13.5,Central,Approved,Default
LN1138,CUST5138,Male,32,192904,566,930179,24,Home,9.96,North,Approved,Default
LN1139,CUST5139,Male,55,78596,622,798013,24,Personal,8.72,South,Approved,Default
LN1140,CUST5140,Female,53,141101,840,741738,36,Home,8.33,Central,Approved,Paid
LN1141,CUST5141,Male,53,181595,494,1796588,12,Personal,7.75,Central,Approved,Default
LN1142,CUST5142,Female,63,108861,631,1302078,48,Education,6.52,West,Approved,Default
LN1143,CUST5143,Female,57,106740,469,194539,72,Education,9.08,East,Approved,Paid
LN1144,CUST5144,Female,32,35524,820,474226,48,Personal,8.43,East,Approved,Default
LN1145,CUST5145,Male,23,170354,762,1620439,72,Personal,14.7,West,Approved,Paid
LN1146,CUST5146,Male,21,175002,339,1220575,12,Auto,11.02,West,Approved,Default
LN1147,CUST5147,Male,53,151149,836,1213369,12,Auto,9.13,West,Approved,Paid
LN1148,CUST5148,Male,60,145501,560,1555949,12,Auto,11.22,East,Approved,Paid
LN1149,CUST5149,Female,30,40611,694,1468897,24,Education,7.25,West,Approved,Default
LN1150,CUST5150,Male,63,168056,525,62289,72,Auto,10,North,Approved,Paid
LN1151,CUST5151,Male,64,34060,423,750336,24,Home,11.64,Central,Rejected,N/A
LN1152,CUST5152,Male,49,63303,337,748956,24,Home,10.4,Central,Rejected,N/A
LN1153,CUST5153,Male,33,180359,627,1854377,60,Auto,9.62,South,Approved,Default
LN1154,CUST5154,Male,32,59711,550,1355944,48,Home,14.94,South,Approved,Default
LN1155,CUST5155,Female,51,163026,475,136365,48,Education,13.92,Central,Approved,Paid
LN1156,CUST5156,Male,22,93340,753,804950,36,Home,11.61,North,Approved,Default
LN1157,CUST5157,Female,55,122974,336,1999022,24,Education,11.12,East,Approved,Default
LN1158,CUST5158,Male,43,169646,615,225211,72,Personal,11.59,East,Approved,Paid
LN1159,CUST5159,Female,37,160256,413,1278361,60,Personal,7.81,North,Approved,Default
LN1160,CUST5160,Male,46,170168,339,1171164,60,Personal,9.56,East,Approved,Paid
LN1161,CUST5161,Male,28,87728,600,113646,48,Personal,6.36,West,Approved,Paid
LN1162,CUST5162,Female,49,185088,523,315798,24,Home,10.28,Central,Approved,Paid
LN1163,CUST5163,Female,46,31246,617,1580814,36,Auto,10.89,Central,Approved,Default
LN1164,CUST5164,Female,30,196630,648,1903751,24,Home,8.05,North,Approved,Paid
LN1165,CUST5165,Male,46,169453,414,1933376,12,Education,14.68,East,Approved,Default
LN1166,CUST5166,Female,54,147796,622,1843961,24,Home,14.19,South,Approved,Default
LN1167,CUST5167,Male,61,187527,339,779532,12,Home,12.5,South,Approved,Default
LN1168,CUST5168,Male,27,112263,339,973945,12,Education,10.8,East,Approved,Paid
LN1169,CUST5169,Female,24,155090,588,1218311,36,Personal,13.83,South,Approved,Default
LN1170,CUST5170,Female,31,31302,561,205683,72,Personal,7.18,North,Approved,Paid
LN1171,CUST5171,Male,49,87506,515,956323,48,Personal,13.11,North,Approved,Paid
LN1172,CUST5172,Male,56,61157,446,682259,24,Auto,7.12,East,Rejected,N/A
LN1173,CUST5173,Female,45,74917,635,586437,12,Education,13.15,South,Approved,Paid
LN1174,CUST5174,Female,41,116646,467,1460822,24,Education,8.48,North,Approved,Default
LN1175,CUST5175,Female,56,103122,391,1419909,72,Home,13.89,North,Rejected,N/A
LN1176,CUST5176,Male,30,44519,652,1861840,48,Auto,14.5,West,Approved,Default
LN1177,CUST5177,Male,57,100910,662,1956039,72,Personal,7.34,West,Approved,Default
LN1178,CUST5178,Male,29,140430,644,616956,48,Auto,10.16,North,Approved,Default
LN1179,CUST5179,Male,44,91324,469,1505465,60,Education,14.83,East,Approved,Default
LN1180,CUST5180,Male,55,25408,655,1044170,48,Education,10.35,Central,Approved,Default
LN1181,CUST5181,Male,55,79379,490,662492,36,Home,13.77,Central,Approved,Paid
LN1182,CUST5182,Female,56,45053,721,261830,72,Home,11.3,North,Approved,Paid
LN1183,CUST5183,Male,38,160518,306,1295077,12,Education,9.38,North,Approved,Default
LN1184,CUST5184,Male,59,151994,432,1515461,60,Personal,8.57,North,Approved,Default
LN1185,CUST5185,Male,52,118723,330,215140,36,Personal,7.83,East,Approved,Default
LN1186,CUST5186,Female,44,71356,834,1842725,24,Auto,12.86,West,Approved,Default
LN1187,CUST5187,Male,43,30789,725,1239083,72,Education,9.48,North,Approved,Default
LN1188,CUST5188,Male,52,117720,693,275160,12,Education,10.6,North,Approved,Paid
LN1189,CUST5189,Female,57,86656,662,1281897,48,Personal,10.43,South,Approved,Default
LN1190,CUST5190,Male,32,64028,736,611672,12,Personal,11.2,East,Approved,Paid
LN1191,CUST5191,Male,33,84484,381,571998,24,Education,13.79,North,Approved,Paid
LN1192,CUST5192,Male,43,52154,655,656217,60,Home,14.83,South,Approved,Default
LN1193,CUST5193,Male,45,22336,557,1699017,60,Education,9.67,Central,Approved,Default
LN1194,CUST5194,Male,55,123677,823,1857992,72,Education,13.45,North,Approved,Paid
LN1195,CUST5195,Female,61,87779,594,125388,60,Personal,12.88,North,Approved,Paid
LN1196,CUST5196,Female,50,39029,523,605689,72,Personal,11.16,South,Approved,Default
LN1197,CUST5197,Female,37,79201,824,568727,72,Home,14.6,East,Approved,Paid
LN1198,CUST5198,Male,40,52265,345,1825767,72,Home,7.8,North,Rejected,N/A
LN1199,CUST5199,Male,45,122916,412,1742367,48,Auto,6.98,Central,Approved,Default
LN1200,CUST5200,Male,42,194944,532,282601,36,Education,13.69,North,Approved,Paid
LN1201,CUST5201,Female,33,66197,316,1226410,72,Personal,9.95,Central,Approved,Default
LN1202,CUST5202,Male,39,145733,659,1132660,72,Home,13.62,West,Approved,Paid
LN1203,CUST5203,Male,56,174782,522,1350035,36,Auto,14.04,West,Approved,Paid
LN1204,CUST5204,Female,32,180558,747,1733505,12,Auto,6.56,Central,Approved,Default
LN1205,CUST5205,Male,61,91907,664,155111,72,Personal,13.95,East,Approved,Paid
LN1206,CUST5206,Female,39,148876,625,1547618,48,Personal,10.03,North,Approved,Default
LN1207,CUST5207,Female,32,84435,766,479667,60,Auto,10.59,North,Approved,Paid
LN1208,CUST5208,Female,29,60631,713,1761163,60,Home,11.64,West,Approved,Default
LN1209,CUST5209,Male,27,149038,754,212982,24,Auto,14.34,Central,Approved,Paid
LN1210,CUST5210,Male,48,40103,532,348185,24,Education,6.17,North,Rejected,N/A
LN1211,CUST5211,Male,34,84772,523,1973928,60,Education,10.29,North,Approved,Default
LN1212,CUST5212,Male,51,146108,711,1426401,60,Personal,12.19,East,Approved,Default
LN1213,CUST5213,Male,39,34382,634,284386,48,Home,12.5,South,Approved,Paid
LN1214,CUST5214,Male,36,104291,521,1442291,36,Home,12.23,West,Approved,Default
LN1215,CUST5215,Male,25,121195,336,1295129,24,Education,7.21,West,Rejected,N/A
LN1216,CUST5216,Female,55,154828,577,511792,36,Auto,8.69,South,Approved,Paid
LN1217,CUST5217,Male,32,40609,495,551174,48,Personal,9.23,North,Rejected,N/A
LN1218,CUST5218,Female,45,167550,783,834625,60,Auto,13.24,East,Approved,Paid
LN1219,CUST5219,Male,41,190738,541,701844,72,Auto,8.51,East,Approved,Paid
LN1220,CUST5220,Male,56,95683,623,245246,36,Auto,7.9,West,Approved,Paid
LN1221,CUST5221,Male,43,144714,491,1649024,60,Home,14.62,East,Approved,Default
LN1222,CUST5222,Female,36,150330,316,296242,60,Education,6.08,South,Approved,Paid
LN1223,CUST5223,Female,59,91315,823,561083,12,Home,14.98,North,Approved,Paid
LN1224,CUST5224,Female,62,97834,700,67633,36,Education,12.09,South,Approved,Paid
LN1225,CUST5225,Female,59,146205,321,1062384,72,Personal,13.46,Central,Approved,Paid
LN1226,CUST5226,Male,34,34153,773,1902022,36,Personal,8.65,West,Approved,Default
LN1227,CUST5227,Female,51,96325,419,916964,60,Auto,6.13,East,Rejected,N/A
LN1228,CUST5228,Male,25,164071,509,99104,72,Education,12.64,Central,Approved,Paid
LN1229,CUST5229,Male,55,75318,605,1009125,48,Education,13.51,East,Approved,Paid
LN1230,CUST5230,Female,43,151886,569,913663,12,Education,12.66,North,Approved,Paid
LN1231,CUST5231,Female,49,135033,584,1166964,60,Auto,7.29,North,Approved,Paid
LN1232,CUST5232,Female,63,96077,526,1638878,24,Auto,12.78,North,Approved,Default
LN1233,CUST5233,Female,31,110474,680,1191154,24,Personal,12.92,East,Approved,Paid
LN1234,CUST5234,Female,38,153515,759,739115,12,Home,11.93,Central,Approved,Paid
LN1235,CUST5235,Female,32,93319,306,614678,48,Education,12.9,North,Rejected,N/A
LN1236,CUST5236,Female,29,145885,328,1384431,60,Education,13.61,Central,Approved,Default
LN1237,CUST5237,Female,30,129777,332,1190234,36,Home,11.52,East,Rejected,N/A
LN1238,CUST5238,Male,64,37368,378,107993,12,Education,6.8,Central,Rejected,N/A
LN1239,CUST5239,Female,37,166400,758,255768,48,Auto,10.39,East,Approved,Paid
LN1240,CUST5240,Female,58,111751,837,1256861,36,Auto,6.7,East,Approved,Paid
LN1241,CUST5241,Male,27,47306,781,821148,24,Education,9.67,West,Approved,Paid
LN1242,CUST5242,Female,33,190987,729,1072460,24,Auto,9.66,East,Approved,Paid
LN1243,CUST5243,Male,60,57219,584,1549576,36,Auto,6.59,East,Approved,Default
LN1244,CUST5244,Male,62,80279,815,843853,12,Education,9.14,South,Approved,Paid
LN1245,CUST5245,Female,29,73028,398,792296,24,Personal,7,North,Rejected,N/A
LN1246,CUST5246,Male,47,124263,696,592015,60,Home,13.27,West,Approved,Paid
LN1247,CUST5247,Male,22,20126,788,948850,72,Auto,14.53,West,Approved,Default
LN1248,CUST5248,Male,25,72329,338,1627222,36,Personal,6.65,West,Approved,Default
LN1249,CUST5249,Male,49,47632,570,1425828,36,Auto,14.6,South,Approved,Default
LN1250,CUST5250,Female,57,129945,456,307681,24,Auto,10.7,East,Approved,Paid
LN1251,CUST5251,Male,58,75176,374,144018,12,Home,8.7,North,Rejected,N/A
LN1252,CUST5252,Female,39,195399,429,1485177,60,Auto,6.69,Central,Approved,Paid
LN1253,CUST5253,Male,28,154869,383,1392630,12,Home,10.51,East,Approved,Default
LN1254,CUST5254,Male,21,198954,321,1749752,48,Home,13.15,South,Approved,Default
LN1255,CUST5255,Male,42,164790,758,279104,48,Home,12.36,East,Approved,Paid
LN1256,CUST5256,Male,37,54560,838,892186,72,Personal,6.45,East,Approved,Default
LN1257,CUST5257,Female,27,96589,681,243510,24,Education,6.66,South,Approved,Paid
LN1258,CUST5258,Female,45,42116,739,1208423,24,Personal,9.63,West,Approved,Paid
LN1259,CUST5259,Male,24,187316,320,1543293,24,Education,8.66,West,Approved,Default
LN1260,CUST5260,Male,56,152717,602,504162,72,Education,8.09,North,Approved,Paid
LN1261,CUST5261,Female,26,198595,383,874899,48,Home,8.53,North,Approved,Default
LN1262,CUST5262,Male,51,144085,752,985129,12,Auto,13.23,West,Approved,Paid
LN1263,CUST5263,Male,39,137718,686,1394613,72,Home,14.36,Central,Approved,Paid
LN1264,CUST5264,Male,64,39256,806,1174905,72,Auto,9.65,East,Approved,Paid
LN1265,CUST5265,Female,59,120158,556,1129583,12,Education,14.15,Central,Approved,Default
LN1266,CUST5266,Female,47,188502,826,1058806,24,Home,8.89,East,Approved,Paid
LN1267,CUST5267,Female,30,190354,461,744892,60,Auto,10.29,West,Approved,Default
LN1268,CUST5268,Male,46,139719,462,1414973,12,Personal,8.03,North,Approved,Paid
LN1269,CUST5269,Male,39,88244,823,1110899,48,Auto,11.76,North,Approved,Default
LN1270,CUST5270,Female,59,162766,570,947767,36,Home,14.81,Central,Approved,Paid
LN1271,CUST5271,Female,23,76264,791,1210932,36,Personal,11.43,North,Approved,Paid
LN1272,CUST5272,Female,33,77545,507,685232,72,Auto,9.22,West,Approved,Paid
LN1273,CUST5273,Female,48,59224,838,254451,36,Auto,11.83,Central,Approved,Paid
LN1274,CUST5274,Male,40,117945,359,1377176,60,Auto,7.11,East,Approved,Paid
LN1275,CUST5275,Female,48,33224,729,605655,24,Auto,14,North,Approved,Default
LN1276,CUST5276,Male,28,60738,608,1153200,48,Auto,10.53,South,Approved,Default
LN1277,CUST5277,Female,61,176222,819,453322,60,Personal,10.04,North,Approved,Paid
LN1278,CUST5278,Male,59,83731,326,1333141,48,Education,11.27,East,Rejected,N/A
LN1279,CUST5279,Female,21,159649,498,118008,48,Personal,11.62,Central,Approved,Paid
LN1280,CUST5280,Female,23,28070,686,427539,24,Personal,6.65,East,Approved,Paid
LN1281,CUST5281,Female,33,146161,648,166492,72,Personal,12.14,South,Approved,Paid
LN1282,CUST5282,Female,48,28666,835,122240,36,Education,8.18,West,Approved,Paid
LN1283,CUST5283,Male,45,77761,677,1425035,24,Home,12.43,North,Approved,Default
LN1284,CUST5284,Female,53,56368,826,1036753,60,Education,13.4,Central,Approved,Default
LN1285,CUST5285,Male,58,157855,452,775947,72,Personal,13.24,West,Approved,Paid
LN1286,CUST5286,Male,26,61914,505,322900,60,Auto,10.97,East,Rejected,N/A
LN1287,CUST5287,Male,64,147738,754,511227,72,Auto,10.68,Central,Approved,Paid
LN1288,CUST5288,Male,52,87526,572,1397098,60,Personal,7.29,West,Approved,Default
LN1289,CUST5289,Female,41,196837,535,185327,24,Auto,12.98,Central,Approved,Paid
LN1290,CUST5290,Male,36,39956,820,699991,72,Personal,8.44,South,Approved,Default
LN1291,CUST5291,Male,41,66240,800,892981,72,Auto,10.47,South,Approved,Default
LN1292,CUST5292,Male,31,141008,416,215575,48,Education,8.56,North,Approved,Paid
LN1293,CUST5293,Female,57,188220,685,1958802,48,Home,7.2,North,Approved,Paid
LN1294,CUST5294,Female,56,114270,643,1093445,12,Home,11.67,South,Approved,Default
LN1295,CUST5295,Female,55,24757,694,1598075,60,Education,6.49,Central,Approved,Default
LN1296,CUST5296,Female,39,39097,363,543948,48,Education,12.74,South,Rejected,N/A
LN1297,CUST5297,Male,40,161467,371,1405833,12,Personal,8.86,North,Approved,Default
LN1298,CUST5298,Male,38,167313,573,1696933,48,Personal,6,South,Approved,Paid
LN1299,CUST5299,Female,61,123892,619,279189,60,Personal,10.6,South,Approved,Paid
LN1300,CUST5300,Male,34,178768,637,448465,72,Auto,6.42,Central,Approved,Default
LN1301,CUST5301,Male,35,90480,665,301051,36,Personal,8.49,West,Approved,Paid
LN1302,CUST5302,Male,51,66163,794,986705,60,Education,12.36,North,Approved,Paid
LN1303,CUST5303,Female,21,39816,465,699829,24,Home,6.56,Central,Approved,Paid
LN1304,CUST5304,Female,23,72853,843,763936,48,Auto,13.55,South,Approved,Paid
LN1305,CUST5305,Male,36,175989,310,1610354,48,Personal,6.03,South,Approved,Default
LN1306,CUST5306,Female,43,116731,600,830641,72,Auto,8.22,West,Approved,Default
LN1307,CUST5307,Female,31,172638,401,321830,24,Auto,12.67,North,Approved,Paid
LN1308,CUST5308,Female,32,82823,724,1604205,72,Personal,8.85,North,Approved,Default
LN1309,CUST5309,Female,30,171878,691,365507,24,Auto,6.92,East,Approved,Default
LN1310,CUST5310,Female,52,21759,513,409687,36,Home,9.24,North,Rejected,N/A
LN1311,CUST5311,Male,36,193021,387,1754597,48,Education,8.43,West,Approved,Paid
LN1312,CUST5312,Female,28,112374,700,1274491,48,Education,13.58,East,Approved,Default
LN1313,CUST5313,Male,58,153554,345,1718537,36,Home,8.82,East,Approved,Paid
LN1314,CUST5314,Male,32,44442,762,504179,12,Auto,13.1,South,Approved,Default
LN1315,CUST5315,Female,44,184791,609,1080596,72,Personal,14.03,South,Approved,Default
LN1316,CUST5316,Male,48,113501,385,92828,36,Auto,9.9,North,Approved,Paid
LN1317,CUST5317,Male,28,22079,391,885036,72,Home,14.19,East,Rejected,N/A
LN1318,CUST5318,Male,48,153789,541,322670,60,Auto,9.4,South,Approved,Paid
LN1319,CUST5319,Female,56,79676,301,1953918,48,Education,14.68,West,Rejected,N/A
LN1320,CUST5320,Female,46,179024,524,1124168,72,Auto,6.8,South,Approved,Paid
LN1321,CUST5321,Male,28,193532,415,341126,24,Home,12.18,South,Approved,Paid
LN1322,CUST5322,Female,48,110397,402,836639,72,Education,10.44,East,Approved,Default
LN1323,CUST5323,Female,48,92847,493,1330617,60,Auto,9.49,East,Approved,Paid
LN1324,CUST5324,Female,57,113607,465,1449453,48,Auto,11.69,Central,Approved,Default
LN1325,CUST5325,Female,61,169521,389,804296,36,Education,12.33,West,Approved,Paid
LN1326,CUST5326,Male,56,184608,421,174982,60,Personal,6.04,East,Approved,Paid
LN1327,CUST5327,Male,47,84077,442,1355487,48,Education,7.5,North,Rejected,N/A
LN1328,CUST5328,Female,37,58258,405,1167195,72,Personal,12.42,West,Rejected,N/A
LN1329,CUST5329,Female,29,199374,727,1783264,12,Home,12,West,Approved,Paid
LN1330,CUST5330,Male,53,179937,604,358623,12,Home,14.69,East,Approved,Default
LN1331,CUST5331,Male,40,157717,616,1600219,24,Education,12.85,West,Approved,Paid
LN1332,CUST5332,Female,33,139771,308,1249751,48,Education,14.56,East,Approved,Paid
LN1333,CUST5333,Male,48,58000,372,220963,12,Home,12.32,South,Approved,Paid
LN1334,CUST5334,Female,49,46737,658,1240402,36,Personal,8.68,Central,Approved,Default
LN1335,CUST5335,Female,33,31485,522,1853919,48,Home,6.95,South,Approved,Default
LN1336,CUST5336,Male,55,58565,715,917869,36,Education,13.04,East,Approved,Paid
LN1337,CUST5337,Male,26,176594,669,1197116,36,Home,11.8,East,Approved,Paid
LN1338,CUST5338,Female,38,139614,563,909414,12,Education,6.43,South,Approved,Default
LN1339,CUST5339,Female,25,85155,617,1725611,48,Education,9.24,North,Approved,Default
LN1340,CUST5340,Male,45,72487,383,236994,72,Home,14.61,North,Rejected,N/A
LN1341,CUST5341,Female,22,149948,617,360375,60,Personal,10.5,North,Approved,Paid
LN1342,CUST5342,Male,30,32342,410,79301,12,Auto,9.89,East,Rejected,N/A
LN1343,CUST5343,Female,50,60806,550,1321300,12,Home,10.12,West,Approved,Paid
LN1344,CUST5344,Male,25,68770,682,1612579,72,Auto,7.88,East,Approved,Default
LN1345,CUST5345,Male,53,98623,306,1094327,48,Home,9.32,West,Approved,Default
LN1346,CUST5346,Male,21,123177,758,243783,48,Auto,9.33,South,Approved,Paid
LN1347,CUST5347,Female,38,151026,383,1795259,36,Personal,6.47,Central,Approved,Default
LN1348,CUST5348,Female,52,95629,507,68752,72,Personal,12.91,West,Approved,Paid
LN1349,CUST5349,Male,31,140993,689,1065416,72,Home,9.75,North,Approved,Paid
LN1350,CUST5350,Female,41,146944,613,787565,48,Education,13.4,East,Approved,Paid
LN1351,CUST5351,Male,46,125947,321,1983460,36,Auto,13.65,South,Rejected,N/A
LN1352,CUST5352,Male,45,46399,709,718755,12,Education,7.91,North,Approved,Default
LN1353,CUST5353,Female,42,148177,814,267029,24,Education,11.92,South,Approved,Paid
LN1354,CUST5354,Female,47,129575,426,957669,60,Education,10.25,Central,Approved,Default
LN1355,CUST5355,Male,33,130904,313,1154849,12,Personal,13.92,East,Approved,Default
LN1356,CUST5356,Female,53,50678,311,1357079,48,Home,7.94,East,Rejected,N/A
LN1357,CUST5357,Female,54,96218,386,1714742,60,Home,12.1,Central,Rejected,N/A
LN1358,CUST5358,Male,61,83230,823,1889903,24,Personal,11.47,East,Approved,Paid
LN1359,CUST5359,Male,55,94055,836,1218544,24,Personal,8.66,West,Approved,Paid
LN1360,CUST5360,Female,21,182552,600,427844,36,Home,7.23,South,Approved,Default
LN1361,CUST5361,Male,41,92258,542,1699423,60,Education,11.86,North,Approved,Default
LN1362,CUST5362,Male,26,59986,421,60699,36,Auto,12.65,Central,Rejected,N/A
LN1363,CUST5363,Female,48,175232,446,1294709,12,Auto,8.84,West,Approved,Default
LN1364,CUST5364,Male,37,105595,655,584003,72,Auto,11.8,North,Approved,Paid
LN1365,CUST5365,Male,25,121358,608,1117745,72,Education,9.56,North,Approved,Paid
LN1366,CUST5366,Female,51,84929,587,568652,72,Home,12.42,Central,Approved,Paid
LN1367,CUST5367,Female,25,93506,606,168413,60,Personal,7.79,West,Approved,Default
LN1368,CUST5368,Male,58,54911,848,1742128,72,Home,14.01,North,Approved,Default
LN1369,CUST5369,Male,23,107127,651,1366502,12,Education,8.59,North,Approved,Default
LN1370,CUST5370,Female,43,182893,611,1842113,36,Personal,9.31,West,Approved,Paid
LN1371,CUST5371,Female,57,133453,358,1621564,60,Education,6.52,East,Approved,Default
LN1372,CUST5372,Female,57,104458,334,1223057,36,Auto,7,North,Approved,Default
LN1373,CUST5373,Female,30,32175,744,265400,60,Auto,10.64,South,Approved,Paid
LN1374,CUST5374,Male,30,139235,392,1082532,36,Education,8.41,West,Approved,Paid
LN1375,CUST5375,Female,39,74771,506,609873,24,Personal,13.52,North,Approved,Paid
LN1376,CUST5376,Female,37,147157,652,1915690,36,Personal,6.13,Central,Approved,Default
LN1377,CUST5377,Male,41,141300,631,1277512,72,Home,9.41,South,Approved,Default
LN1378,CUST5378,Female,34,106925,458,442136,24,Auto,9.04,North,Approved,Paid
LN1379,CUST5379,Male,29,86358,323,1969424,36,Home,6.17,South,Rejected,N/A
LN1380,CUST5380,Female,21,168399,703,1546906,60,Home,7.12,South,Approved,Default
LN1381,CUST5381,Female,33,67057,815,439954,60,Education,9.72,East,Approved,Paid
LN1382,CUST5382,Female,24,26150,663,88067,60,Education,10.44,South,Rejected,N/A
LN1383,CUST5383,Male,21,24425,681,1796621,48,Home,9.64,East,Approved,Default
LN1384,CUST5384,Male,60,36032,831,1876198,12,Auto,10.78,West,Approved,Default
LN1385,CUST5385,Female,52,22198,451,68073,60,Education,11.36,East,Rejected,N/A
LN1386,CUST5386,Male,54,171151,719,86035,24,Home,6.09,Central,Approved,Paid
LN1387,CUST5387,Male,48,187292,549,1294625,60,Home,10.18,North,Approved,Paid
LN1388,CUST5388,Male,51,192946,416,283782,48,Home,14.67,West,Approved,Default
LN1389,CUST5389,Male,28,164931,811,664661,72,Home,10.67,West,Approved,Paid
LN1390,CUST5390,Male,59,182491,634,1968370,24,Home,12.1,Central,Approved,Default
LN1391,CUST5391,Male,46,138865,717,664805,48,Home,8.81,East,Approved,Paid
LN1392,CUST5392,Female,54,159777,594,1688314,72,Education,12.97,North,Approved,Default
LN1393,CUST5393,Female,23,193952,670,1633246,24,Auto,12.96,East,Approved,Default
LN1394,CUST5394,Male,32,43236,485,776331,36,Home,10.69,South,Rejected,N/A
LN1395,CUST5395,Female,21,107955,545,1556404,12,Personal,14.78,East,Approved,Paid
LN1396,CUST5396,Female,64,123145,567,1844291,12,Education,7.13,West,Approved,Default
LN1397,CUST5397,Female,25,166430,536,111929,48,Education,6.15,North,Approved,Paid
LN1398,CUST5398,Female,50,114914,829,807771,72,Home,12.93,East,Approved,Paid
LN1399,CUST5399,Male,50,122870,320,1851454,12,Education,13.26,North,Approved,Default
LN1400,CUST5400,Female,37,136243,819,935296,72,Home,7.08,North,Approved,Paid
LN1401,CUST5401,Female,43,34596,399,717689,72,Auto,8.39,South,Approved,Default
LN1402,CUST5402,Male,35,184644,777,830965,48,Auto,6.16,South,Approved,Paid
LN1403,CUST5403,Male,57,152351,597,337313,48,Education,8.64,West,Approved,Paid
LN1404,CUST5404,Female,41,131496,825,137468,48,Education,12.96,Central,Approved,Paid
LN1405,CUST5405,Female,34,150273,633,1133170,12,Personal,10.66,North,Approved,Paid
LN1406,CUST5406,Female,22,158155,301,241703,48,Education,9.13,Central,Approved,Paid
LN1407,CUST5407,Female,31,140674,674,1143609,12,Personal,9.35,West,Approved,Paid
LN1408,CUST5408,Female,59,140307,592,1685997,48,Auto,6.01,North,Approved,Default
LN1409,CUST5409,Female,58,168843,617,1040669,60,Auto,8.7,North,Approved,Paid
LN1410,CUST5410,Male,54,181047,801,1172437,72,Home,11.82,Central,Approved,Paid
LN1411,CUST5411,Female,58,196720,680,757650,48,Auto,14.77,East,Approved,Paid
LN1412,CUST5412,Female,54,199357,313,343894,24,Personal,13.62,South,Approved,Paid
LN1413,CUST5413,Male,38,39063,803,1663325,72,Education,6.21,East,Approved,Default
LN1414,CUST5414,Male,50,87642,530,1565592,72,Home,14.09,Central,Approved,Paid
LN1415,CUST5415,Male,35,110093,383,1176798,48,Personal,13.05,South,Approved,Default
LN1416,CUST5416,Male,47,188671,429,686308,36,Education,13.02,East,Approved,Paid
LN1417,CUST5417,Female,54,179601,444,1909234,48,Home,10.12,South,Approved,Default
LN1418,CUST5418,Female,58,55954,327,843153,72,Auto,9.58,North,Approved,Paid
LN1419,CUST5419,Female,53,47856,365,594897,24,Personal,8.73,East,Rejected,N/A
LN1420,CUST5420,Female,44,22573,462,1753377,72,Education,6.59,South,Approved,Default
LN1421,CUST5421,Female,35,55367,528,1302557,24,Home,8.05,South,Rejected,N/A
LN1422,CUST5422,Female,50,119608,560,154211,12,Home,8.22,South,Approved,Paid
LN1423,CUST5423,Male,62,80774,748,1284897,60,Auto,10.36,East,Approved,Paid
LN1424,CUST5424,Female,37,43752,723,1540687,72,Education,12.73,West,Approved,Default
LN1425,CUST5425,Male,25,75029,759,537689,48,Auto,10.26,East,Approved,Paid
LN1426,CUST5426,Male,49,168757,600,973160,12,Auto,6.52,Central,Approved,Paid
LN1427,CUST5427,Female,24,150282,602,910952,60,Education,14.62,East,Approved,Default
LN1428,CUST5428,Male,30,71693,586,1555532,48,Education,14.48,South,Approved,Paid
LN1429,CUST5429,Female,37,136739,694,900741,36,Education,13.07,North,Approved,Default
LN1430,CUST5430,Male,30,75961,309,1128560,48,Personal,14.92,East,Rejected,N/A
LN1431,CUST5431,Female,37,146678,569,1741811,24,Education,10.9,East,Approved,Default
LN1432,CUST5432,Male,40,94532,660,1827758,24,Home,14.66,South,Approved,Paid
LN1433,CUST5433,Female,44,101994,556,1104477,36,Auto,6.68,North,Approved,Paid
LN1434,CUST5434,Female,25,76133,432,212624,12,Personal,9.29,North,Approved,Paid
LN1435,CUST5435,Female,54,81268,575,1320893,60,Education,8.03,Central,Approved,Default
LN1436,CUST5436,Female,26,189315,812,1391775,48,Personal,7.76,East,Approved,Paid
LN1437,CUST5437,Female,22,51653,612,743045,24,Education,7.27,North,Approved,Paid
LN1438,CUST5438,Male,33,177729,583,1041469,12,Personal,11.6,North,Approved,Paid
LN1439,CUST5439,Male,63,191024,420,195788,36,Auto,13.03,West,Approved,Paid
LN1440,CUST5440,Male,63,173252,406,688387,72,Auto,11.2,West,Approved,Paid
LN1441,CUST5441,Female,31,141829,503,585426,24,Home,7.32,North,Approved,Paid
LN1442,CUST5442,Male,43,148377,464,740658,36,Home,13.3,Central,Approved,Default
LN1443,CUST5443,Female,36,21622,604,1018616,48,Education,11.72,North,Rejected,N/A
LN1444,CUST5444,Female,51,68756,796,73429,60,Auto,9.49,South,Approved,Paid
LN1445,CUST5445,Male,31,60809,455,1673064,24,Personal,12.07,East,Approved,Default
LN1446,CUST5446,Male,36,36725,666,1300956,24,Personal,8.34,Central,Approved,Default
LN1447,CUST5447,Female,28,71226,550,1540036,48,Personal,9.11,South,Approved,Default
LN1448,CUST5448,Male,24,101182,633,822577,72,Home,14.26,Central,Approved,Paid
LN1449,CUST5449,Female,60,49402,810,1343703,12,Personal,8.61,South,Approved,Default
LN1450,CUST5450,Female,24,24263,592,937700,60,Home,10.23,East,Approved,Default
LN1451,CUST5451,Female,45,197900,319,1859377,24,Home,14.01,East,Approved,Default
LN1452,CUST5452,Female,23,67924,581,1115923,60,Education,12.37,West,Approved,Default
LN1453,CUST5453,Female,52,94182,300,1770856,24,Personal,6.56,South,Approved,Default
LN1454,CUST5454,Male,23,162736,418,606110,60,Personal,7.33,West,Approved,Paid
LN1455,CUST5455,Male,47,55737,334,1014163,36,Auto,6.07,South,Rejected,N/A
LN1456,CUST5456,Female,49,121332,497,1662972,24,Education,11.68,West,Approved,Default
LN1457,CUST5457,Female,52,109563,784,965387,60,Auto,10.03,East,Approved,Paid
LN1458,CUST5458,Male,39,180445,358,1580891,12,Education,7.21,Central,Approved,Default
LN1459,CUST5459,Male,41,187469,460,57967,36,Personal,14.62,West,Approved,Paid
LN1460,CUST5460,Female,25,148575,505,1995727,36,Home,10.77,South,Approved,Paid
LN1461,CUST5461,Male,38,121371,311,1634735,12,Home,8.18,South,Approved,Default
LN1462,CUST5462,Female,48,58709,789,275371,60,Home,10.51,East,Approved,Paid
LN1463,CUST5463,Male,62,170322,575,1307100,48,Home,12.12,South,Approved,Default
LN1464,CUST5464,Female,42,41172,541,1828206,12,Home,6.69,North,Approved,Default
LN1465,CUST5465,Male,41,31555,515,1263261,60,Auto,8.47,Central,Rejected,N/A
LN1466,CUST5466,Female,26,73276,550,602467,12,Education,13.26,West,Approved,Default
LN1467,CUST5467,Male,21,77492,425,301537,12,Personal,10.14,Central,Approved,Default
LN1468,CUST5468,Male,25,109599,516,1806124,24,Auto,10.92,East,Approved,Default
LN1469,CUST5469,Female,61,175834,605,891531,60,Education,9.9,West,Approved,Paid
LN1470,CUST5470,Male,32,31046,484,1658126,48,Home,6.4,West,Rejected,N/A
LN1471,CUST5471,Female,46,136021,338,914645,24,Education,7.49,North,Approved,Paid
LN1472,CUST5472,Male,54,179841,522,1478127,12,Education,10.01,East,Approved,Default
LN1473,CUST5473,Female,34,174222,483,985772,72,Home,7.88,South,Approved,Default
LN1474,CUST5474,Male,46,24853,794,521082,12,Home,6.45,North,Approved,Paid
LN1475,CUST5475,Female,47,140900,726,1971277,12,Home,13.59,North,Approved,Paid
LN1476,CUST5476,Male,29,172864,477,110545,60,Personal,14.83,Central,Approved,Default
LN1477,CUST5477,Female,46,79129,727,1333131,60,Home,13.14,Central,Approved,Paid
LN1478,CUST5478,Male,42,134130,593,273894,24,Personal,13.68,Central,Approved,Paid
LN1479,CUST5479,Female,50,183059,450,777506,48,Home,8.18,North,Approved,Paid
LN1480,CUST5480,Female,63,166922,683,1039470,24,Personal,14.65,South,Approved,Paid
LN1481,CUST5481,Female,37,163184,607,1400642,36,Education,7.77,West,Approved,Default
LN1482,CUST5482,Male,46,141789,635,1665777,12,Auto,14.56,Central,Approved,Default
LN1483,CUST5483,Female,56,175130,674,1457753,72,Education,14.95,South,Approved,Paid
LN1484,CUST5484,Male,21,196492,307,1465512,12,Education,12.41,East,Approved,Default
LN1485,CUST5485,Female,28,58890,640,300497,12,Home,14.83,Central,Approved,Paid
LN1486,CUST5486,Male,55,86017,428,1023181,24,Personal,11.13,West,Approved,Default
LN1487,CUST5487,Female,35,198376,651,1069658,72,Auto,8.34,East,Approved,Default
LN1488,CUST5488,Male,42,183993,657,1541633,72,Home,9.93,East,Approved,Paid
LN1489,CUST5489,Male,34,152596,816,751692,72,Home,11.34,West,Approved,Paid
LN1490,CUST5490,Female,46,120424,794,1583854,24,Home,6.66,Central,Approved,Paid
LN1491,CUST5491,Male,48,35048,385,956295,12,Education,11.6,North,Rejected,N/A
LN1492,CUST5492,Male,43,186183,474,1254680,24,Personal,14.83,West,Approved,Paid
LN1493,CUST5493,Female,34,188976,492,743206,60,Personal,7.71,West,Approved,Paid
LN1494,CUST5494,Male,44,74912,610,1813410,60,Auto,13.13,West,Approved,Default
LN1495,CUST5495,Male,22,54008,418,1143512,24,Personal,14.17,East,Rejected,N/A
LN1496,CUST5496,Male,46,151132,517,735154,72,Personal,14.49,South,Approved,Paid
LN1497,CUST5497,Female,34,103559,726,1815524,12,Home,14.64,North,Approved,Paid
LN1498,CUST5498,Male,27,75337,713,1300632,24,Home,10.69,Central,Approved,Paid
LN1499,CUST5499,Female,23,130616,413,275469,24,Education,14.8,Central,Rejected,N/A
